iter	RMSE
0	0.3888946375
1	0.3885437751
